temporal_point,x,y,height,width,finger_pressure
0,0.0,0.0,0.034,0.035,0.0
1,-1.8999999999999773,6.310000000000002,0.035,0.034,0.013
2,-4.100000000000023,34.72999999999996,0.039,0.038,0.073
3,-6.699999999999989,72.00999999999999,0.075,0.04,0.105
