temporal_point,x,y,height,width,finger_pressure
0,0.0,0.0,0.04,0.025,0.0
1,15.099999999999994,0.7199999999999704,0.042,0.036,0.022
2,35.69,2.7099999999999795,0.034,0.04,0.019
3,51.34,4.089999999999975,0.03,0.032,0.02
4,59.629999999999995,5.339999999999975,0.033,0.032,0.011
5,66.53999999999999,4.6200000000000045,0.037,0.035,0.009
6,77.53,5.319999999999993,0.033,0.034,0.014
7,89.0,6.8799999999999955,0.035,0.038,0.015
