temporal_point,x,y,height,width,finger_pressure
0,0.0,0.0,0.029,0.028,0.0
1,-9.529999999999973,8.139999999999986,0.033,0.035,0.02
2,-35.879999999999995,23.610000000000014,0.034,0.033,0.048
3,-52.23999999999998,34.889999999999986,0.048,0.034,0.043
4,-69.66,53.410000000000025,0.06,0.034,0.047
5,-80.98999999999998,65.32,0.074,0.039,0.029
