temporal_point,x,y,height,width,finger_pressure
0,0.0,0.0,0.054,0.024,0.0
1,33.07000000000002,-8.989999999999952,0.08,0.035,0.043
2,74.30000000000001,-16.369999999999948,0.051,0.041,0.045
3,117.02000000000001,-14.669999999999959,0.055,0.039,0.054
4,142.85,-14.609999999999957,0.048,0.041,0.032
5,163.85999999999999,-14.299999999999955,0.042,0.038,0.026
