temporal_point,x,y,height,width,finger_pressure
0,0.0,0.0,0.023,0.024,0.0
1,-8.409999999999997,2.579999999999984,0.031,0.029,0.012
2,-21.50999999999999,7.819999999999993,0.031,0.033,0.019
3,-47.28999999999999,23.72999999999996,0.042,0.028,0.07
4,-69.49000000000001,41.46999999999997,0.072,0.032,0.065
5,-99.9,78.02999999999997,0.084,0.037,0.082
6,-110.65,92.09999999999997,0.085,0.036,0.031
