temporal_point,x,y,height,width,finger_pressure
0,0.0,0.0,0.036,0.041,0.0
1,-0.5500000000000114,6.269999999999982,0.044,0.043,0.013
2,0.21999999999999886,13.100000000000023,0.045,0.048,0.014
3,-0.9900000000000091,25.480000000000018,0.055,0.051,0.033
4,-1.0100000000000193,31.769999999999982,0.067,0.053,0.021
5,0.07999999999998408,39.48000000000002,0.076,0.054,0.017
6,1.6199999999999761,46.97000000000003,0.082,0.052,0.015
7,1.009999999999991,56.10000000000002,0.061,0.034,0.018
