temporal_point,x,y,height,width,finger_pressure
0,0.0,0.0,0.025,0.027,0.0
1,-0.9699999999999989,16.189999999999998,0.035,0.028,0.045
2,-1.0600000000000023,42.47000000000003,0.046,0.024,0.067
3,0.539999999999992,60.68000000000001,0.06,0.037,0.036
4,2.280000000000001,75.95000000000005,0.082,0.043,0.031
