temporal_point,x,y,height,width,finger_pressure
0,0.0,0.0,0.039,0.044,0.0
1,15.039999999999992,3.329999999999984,0.041,0.037,0.02
2,26.409999999999997,9.149999999999977,0.035,0.034,0.018
3,44.79000000000002,20.829999999999984,0.03,0.03,0.033
4,66.19,31.80000000000001,0.035,0.028,0.042
5,82.67000000000002,45.0,0.05,0.023,0.04
6,90.66000000000003,56.19999999999999,0.051,0.027,0.025
7,103.14999999999998,63.89999999999998,0.059,0.032,0.022
