temporal_point,x,y,height,width,finger_pressure
0,0.0,0.0,0.032,0.028,0.0
1,-13.75,-0.35000000000002274,0.033,0.033,0.017
2,-55.49000000000001,-4.759999999999991,0.05,0.026,0.055
3,-100.69,6.009999999999991,0.071,0.028,0.064
4,-131.60000000000002,10.96999999999997,0.082,0.035,0.041
5,-139.57,14.139999999999986,0.089,0.04,0.012
