temporal_point,x,y,height,width,finger_pressure
0,0.0,0.0,0.025,0.024,0.0
1,0.9599999999999795,9.889999999999986,0.031,0.033,0.02
2,0.7399999999999807,21.620000000000005,0.043,0.037,0.036
3,1.549999999999983,34.860000000000014,0.062,0.038,0.033
4,1.5999999999999943,47.40999999999997,0.068,0.041,0.025
5,3.0,60.110000000000014,0.073,0.038,0.026
6,3.6699999999999875,70.00999999999999,0.076,0.042,0.02
7,2.579999999999984,80.26999999999998,0.067,0.041,0.021
