temporal_point,x,y,height,width,finger_pressure
0,0.0,0.0,0.056,0.03,0.0
1,7.400000000000006,-1.5900000000000318,0.07,0.04,0.01
2,25.01000000000002,0.8799999999999955,0.071,0.039,0.022
3,98.38000000000002,10.17999999999995,0.07,0.031,0.093
4,121.14000000000001,12.539999999999964,0.066,0.04,0.029
5,136.13000000000002,14.579999999999984,0.082,0.038,0.019
