temporal_point,x,y,height,width,finger_pressure
0,0.0,0.0,0.03,0.03,0.0
1,0.8000000000000114,8.829999999999984,0.033,0.036,0.018
2,-0.04999999999998295,14.25,0.036,0.038,0.011
3,0.3900000000000148,21.420000000000016,0.038,0.038,0.016
4,0.789999999999992,27.670000000000016,0.045,0.036,0.022
5,0.020000000000010232,38.170000000000016,0.061,0.036,0.021
6,0.7300000000000182,51.44,0.071,0.037,0.027
7,1.0600000000000023,63.81999999999999,0.072,0.042,0.025
8,1.6599999999999966,73.13999999999999,0.071,0.04,0.019
