temporal_point,x,y,height,width,finger_pressure
0,0.0,0.0,0.036,0.039,0.0
1,28.03,4.899999999999977,0.038,0.038,0.036
2,50.420000000000016,13.889999999999986,0.034,0.037,0.033
3,78.25,24.769999999999982,0.036,0.036,0.041
4,114.14999999999998,37.75,0.036,0.036,0.055
5,130.5,42.39999999999998,0.047,0.04,0.022
