temporal_point,x,y,height,width,finger_pressure
0,0.0,0.0,0.02,0.028,0.0
1,-5.560000000000002,12.439999999999998,0.045,0.046,0.031
2,-4.0,37.049999999999955,0.068,0.041,0.073
3,-4.090000000000003,78.82999999999998,0.107,0.045,0.085
4,-5.170000000000016,94.94999999999999,0.106,0.049,0.032
