temporal_point,x,y,height,width,finger_pressure
0,0.0,0.0,0.031,0.022,0.0
1,-15.180000000000007,0.35000000000002274,0.029,0.032,0.019
2,-38.71999999999997,-2.259999999999991,0.035,0.035,0.03
3,-65.94,-3.2900000000000205,0.033,0.035,0.034
4,-104.83999999999997,-6.230000000000018,0.034,0.033,0.049
5,-120.28999999999999,-6.579999999999984,0.033,0.033,0.019
