temporal_point,x,y,height,width,finger_pressure
0,0.0,0.0,0.039,0.035,0.0
1,-34.44,0.13999999999998636,0.048,0.032,0.052
2,-71.30000000000001,4.8700000000000045,0.086,0.039,0.053
3,-104.15,14.689999999999998,0.093,0.036,0.046
4,-131.84,25.839999999999975,0.093,0.038,0.041
5,-145.6,30.930000000000007,0.092,0.041,0.02
