temporal_point,x,y,height,width,finger_pressure
0,0.0,0.0,0.044,0.03,0.0
1,15.909999999999997,0.8300000000000409,0.041,0.042,0.022
2,31.590000000000003,1.660000000000025,0.034,0.04,0.015
3,44.31999999999999,3.400000000000034,0.03,0.036,0.015
4,76.75999999999999,6.319999999999993,0.027,0.024,0.041
5,103.38999999999999,3.5200000000000387,0.036,0.036,0.034
6,110.20999999999998,5.5,0.039,0.04,0.009
