temporal_point,x,y,height,width,finger_pressure
0,0.0,0.0,0.064,0.032,0.0
1,25.730000000000018,4.28000000000003,0.052,0.034,0.035
2,54.69,6.730000000000018,0.061,0.03,0.037
3,108.99000000000001,10.850000000000023,0.061,0.027,0.068
4,145.36,13.019999999999982,0.058,0.032,0.046
