temporal_point,x,y,height,width,finger_pressure
0,0.0,0.0,0.026,0.023,0.0
1,-0.8999999999999773,6.7099999999999795,0.039,0.04,0.013
2,-0.539999999999992,22.189999999999998,0.037,0.04,0.042
3,-0.8599999999999852,31.049999999999955,0.047,0.037,0.032
4,0.8900000000000148,44.629999999999995,0.066,0.037,0.027
5,1.410000000000025,58.089999999999975,0.073,0.042,0.027
6,-0.20999999999997954,68.56,0.078,0.04,0.021
7,0.8200000000000216,80.69999999999999,0.07,0.041,0.024
8,2.0,90.07,0.069,0.04,0.019
