temporal_point,x,y,height,width,finger_pressure
0,0.0,0.0,0.052,0.025,0.0
1,7.3700000000000045,-2.349999999999966,0.039,0.026,0.011
2,27.799999999999983,-1.7899999999999636,0.032,0.033,0.02
3,50.81999999999999,-0.6899999999999977,0.025,0.024,0.028
4,62.69,0.660000000000025,0.028,0.026,0.015
5,69.57999999999998,1.7300000000000182,0.026,0.025,0.009
6,80.12,2.2200000000000273,0.024,0.028,0.013
7,87.23999999999998,1.8700000000000045,0.028,0.028,0.009
8,98.18999999999997,2.5200000000000387,0.028,0.029,0.014
