temporal_point,x,y,height,width,finger_pressure
0,0.0,0.0,0.038,0.035,0.0
1,-7.0,3.640000000000043,0.055,0.036,0.013
2,-31.150000000000006,32.43000000000001,0.092,0.038,0.079
3,-62.25,87.21000000000004,0.09,0.033,0.117
4,-87.68,129.11,0.088,0.043,0.09
5,-96.13000000000001,140.83000000000004,0.09,0.047,0.026
