temporal_point,x,y,height,width,finger_pressure
0,0.0,0.0,0.036,0.035,0.0
1,45.379999999999995,0.12999999999999545,0.041,0.025,0.057
2,129.51999999999998,-1.1299999999999955,0.066,0.037,0.107
