temporal_point,x,y,height,width,finger_pressure
0,0.0,0.0,0.045,0.046,0.0
1,2.5,41.06999999999999,0.1,0.051,0.097
2,6.230000000000018,106.93,0.08,0.043,0.133
3,4.9599999999999795,117.73999999999995,0.064,0.033,0.022
