temporal_point,x,y,height,width,finger_pressure
0,0.0,0.0,0.035,0.036,0.0
1,24.159999999999997,3.2900000000000205,0.032,0.034,0.031
2,66.75999999999996,4.689999999999998,0.033,0.023,0.053
3,108.65,3.8100000000000023,0.039,0.033,0.052
4,127.35,3.1299999999999955,0.046,0.044,0.023
