temporal_point,x,y,height,width,finger_pressure
0,0.0,0.0,0.029,0.033,0.0
1,-1.829999999999984,13.949999999999989,0.038,0.044,0.033
2,-2.4799999999999898,33.70999999999998,0.074,0.046,0.058
3,-8.099999999999994,66.83999999999997,0.067,0.038,0.067
4,-8.939999999999998,91.74000000000001,0.07,0.038,0.05
