temporal_point,x,y,height,width,finger_pressure
0,0.0,0.0,0.028,0.03,0.0
1,11.090000000000032,7.090000000000032,0.049,0.039,0.02
2,33.829999999999984,16.960000000000036,0.037,0.039,0.035
3,78.22000000000003,48.22000000000003,0.064,0.028,0.104
4,93.01999999999998,66.55000000000001,0.062,0.031,0.041
