temporal_point,x,y,height,width,finger_pressure
0,0.0,0.0,0.037,0.032,0.0
1,15.330000000000013,6.100000000000023,0.06,0.039,0.029
2,111.22,56.00999999999999,0.085,0.048,0.155
