temporal_point,x,y,height,width,finger_pressure
0,0.0,0.0,0.027,0.024,0.0
1,-8.080000000000013,5.480000000000018,0.036,0.041,0.015
2,-22.47999999999999,15.32000000000005,0.057,0.043,0.042
3,-52.349999999999994,59.93000000000001,0.094,0.035,0.109
4,-69.47999999999999,90.93,0.086,0.034,0.066
5,-82.83000000000001,113.35000000000002,0.08,0.035,0.048
