temporal_point,x,y,height,width,finger_pressure
0,0.0,0.0,0.032,0.033,0.0
1,38.63000000000005,21.329999999999984,0.062,0.031,0.081
2,95.31,61.60999999999996,0.066,0.036,0.107
