temporal_point,x,y,height,width,finger_pressure
0,0.0,0.0,0.027,0.027,0.0
1,-2.740000000000009,27.939999999999998,0.06,0.031,0.081
2,0.22000000000002728,74.85999999999996,0.055,0.03,0.095
3,1.7900000000000205,99.41999999999996,0.066,0.039,0.049
