temporal_point,x,y,height,width,finger_pressure
0,0.0,0.0,0.07,0.029,0.0
1,7.730000000000018,-1.079999999999984,0.073,0.041,0.01
2,86.19,-2.7900000000000205,0.067,0.038,0.099
3,118.25999999999999,-4.639999999999986,0.077,0.044,0.041
