temporal_point,x,y,height,width,finger_pressure
0,0.0,0.0,0.063,0.033,0.0
1,23.810000000000002,7.5499999999999545,0.082,0.042,0.033
2,86.96999999999997,33.099999999999966,0.066,0.029,0.094
3,116.69999999999999,44.75,0.075,0.043,0.044
