temporal_point,x,y,height,width,finger_pressure
0,0.0,0.0,0.037,0.042,0.0
1,-0.34000000000003183,11.95999999999998,0.049,0.054,0.024
2,-1.7200000000000273,26.97999999999996,0.064,0.049,0.052
3,-0.4200000000000159,47.25,0.078,0.046,0.044
4,0.18000000000000682,61.19,0.073,0.043,0.028
5,-0.5600000000000023,69.44999999999999,0.075,0.044,0.017
