temporal_point,x,y,height,width,finger_pressure
0,0.0,0.0,0.027,0.022,0.0
1,1.1000000000000227,6.1200000000000045,0.043,0.046,0.012
2,-1.240000000000009,34.120000000000005,0.043,0.043,0.078
3,-0.12000000000000455,94.82999999999998,0.082,0.043,0.146
4,-0.7799999999999727,106.18,0.09,0.049,0.023
