temporal_point,x,y,height,width,finger_pressure
0,0.0,0.0,0.031,0.027,0.0
1,9.620000000000005,3.589999999999975,0.029,0.032,0.014
2,76.51999999999998,51.01999999999998,0.051,0.022,0.142
3,122.14999999999998,80.19,0.076,0.044,0.081
