temporal_point,x,y,height,width,finger_pressure
0,0.0,0.0,0.032,0.035,0.0
1,7.1299999999999955,0.10000000000002274,0.036,0.036,0.009
2,24.44999999999999,-0.11000000000001364,0.031,0.032,0.022
3,67.83999999999997,-1.7699999999999818,0.026,0.023,0.054
4,94.86000000000001,-2.099999999999966,0.029,0.026,0.034
5,115.65999999999997,-1.5199999999999818,0.035,0.035,0.026
