temporal_point,x,y,height,width,finger_pressure
0,0.0,0.0,0.064,0.036,0.0
1,-0.8300000000000409,-16.400000000000034,0.056,0.047,0.02
2,2.079999999999984,-39.24000000000001,0.042,0.041,0.046
3,9.389999999999986,-68.74000000000001,0.065,0.046,0.093
4,26.769999999999982,-299.36,0.093,0.028,0.0
