temporal_point,x,y,height,width,finger_pressure
0,0.0,0.0,0.04,0.04,0.0
1,3.6499999999999773,11.729999999999961,0.058,0.045,0.038
2,9.759999999999991,68.39999999999998,0.08,0.04,0.119
3,9.419999999999959,91.12,0.081,0.044,0.045
