temporal_point,x,y,height,width,finger_pressure
0,0.0,0.0,0.065,0.032,0.0
1,13.319999999999993,-0.03000000000002956,0.073,0.041,0.017
2,69.84999999999997,1.9599999999999795,0.052,0.024,0.071
3,134.68,-4.400000000000034,0.079,0.042,0.085
4,141.92000000000002,-5.5,0.094,0.051,0.009
