temporal_point,x,y,height,width,finger_pressure
0,0.0,0.0,0.062,0.03,0.0
1,52.559999999999974,4.9599999999999795,0.08,0.029,0.066
2,120.68999999999997,3.6200000000000045,0.084,0.048,0.087
