temporal_point,x,y,height,width,finger_pressure
0,0.0,0.0,0.057,0.033,0.0
1,33.02000000000001,1.8400000000000318,0.075,0.029,0.04
2,113.26999999999998,7.060000000000002,0.067,0.029,0.101
3,156.51999999999998,4.6200000000000045,0.1,0.049,0.056
