temporal_point,x,y,height,width,finger_pressure
0,0.0,0.0,0.033,0.034,0.0
1,21.919999999999987,12.96999999999997,0.054,0.033,0.055
2,78.89000000000001,60.71999999999997,0.068,0.037,0.119
3,92.84,71.71999999999997,0.078,0.037,0.028
