temporal_point,x,y,height,width,finger_pressure
0,0.0,0.0,0.061,0.035,0.0
1,28.78,-1.740000000000009,0.057,0.029,0.036
2,77.87999999999997,3.069999999999993,0.072,0.041,0.062
3,133.48999999999998,4.399999999999977,0.081,0.043,0.07
