temporal_point,x,y,height,width,finger_pressure
0,0.0,0.0,0.018,0.019,0.0
1,21.27000000000001,8.840000000000032,0.05,0.031,0.04
2,58.369999999999976,29.810000000000002,0.064,0.022,0.063
3,110.17999999999998,61.14000000000004,0.064,0.036,0.09
4,116.33000000000001,65.69000000000005,0.063,0.034,0.012
