temporal_point,x,y,height,width,finger_pressure
0,0.0,0.0,0.031,0.033,0.0
1,-1.3700000000000045,6.78000000000003,0.037,0.039,0.014
2,-2.069999999999993,18.689999999999998,0.047,0.042,0.028
3,-1.4599999999999795,42.69999999999999,0.065,0.032,0.063
4,-0.2400000000000091,76.0,0.065,0.034,0.067
5,0.7300000000000182,97.42000000000002,0.07,0.037,0.043
