temporal_point,x,y,height,width,finger_pressure
0,0.0,0.0,0.036,0.038,0.0
1,3.349999999999966,9.270000000000039,0.047,0.045,0.019
2,-0.3800000000000523,56.10000000000002,0.078,0.036,0.12
3,0.03999999999996362,98.61000000000001,0.083,0.042,0.086
