temporal_point,x,y,height,width,finger_pressure
0,0.0,0.0,0.026,0.028,0.0
1,0.16999999999995907,14.879999999999995,0.047,0.044,0.04
2,0.2899999999999636,39.120000000000005,0.071,0.037,0.063
3,2.099999999999966,68.73000000000002,0.064,0.038,0.059
4,3.1999999999999886,96.48000000000002,0.061,0.035,0.056
5,2.9699999999999704,106.49000000000001,0.068,0.04,0.02
