temporal_point,x,y,height,width,finger_pressure
0,0.0,0.0,0.055,0.027,0.0
1,12.169999999999987,-16.769999999999982,0.088,0.045,0.037
2,56.140000000000015,-49.49000000000001,0.043,0.044,0.074
3,108.84,-76.56,0.08,0.047,0.156
4,-9.050000000000011,-49.25999999999999,0.041,0.045,0.0
5,1.009999999999991,-43.72999999999996,0.052,0.043,0.017
6,39.569999999999965,-18.079999999999984,0.076,0.036,0.081
7,103.86999999999998,27.49000000000001,0.063,0.036,0.121
8,113.02000000000001,32.75,0.082,0.044,0.016
