temporal_point,x,y,height,width,finger_pressure
0,0.0,0.0,0.03,0.026,0.0
1,-17.579999999999984,4.270000000000039,0.055,0.047,0.024
2,-65.22999999999999,51.44,0.07,0.043,0.136
3,-78.89000000000001,70.24000000000001,0.079,0.045,0.041
