temporal_point,x,y,height,width,finger_pressure
0,0.0,0.0,0.06,0.045,0.0
1,21.03,1.5200000000000387,0.042,0.043,0.023
2,43.41,2.5500000000000114,0.033,0.035,0.028
3,65.43000000000004,1.6100000000000136,0.032,0.033,0.028
4,80.28999999999999,2.160000000000025,0.033,0.032,0.019
5,90.79999999999998,2.5600000000000023,0.031,0.036,0.013
