temporal_point,x,y,height,width,finger_pressure
0,0.0,0.0,0.028,0.031,0.0
1,0.2599999999999909,17.71999999999997,0.037,0.031,0.035
2,-0.15999999999996817,69.51999999999998,0.065,0.036,0.134
3,-0.5299999999999727,115.77999999999997,0.076,0.041,0.094
