temporal_point,x,y,height,width,finger_pressure
0,0.0,0.0,0.086,0.045,0.0
1,-2.590000000000032,-28.939999999999998,0.074,0.055,0.033
2,3.3799999999999955,-65.16000000000003,0.043,0.044,0.09
3,4.550000000000011,-73.60000000000002,0.047,0.045,0.017
