temporal_point,x,y,height,width,finger_pressure
0,0.0,0.0,0.03,0.027,0.0
1,14.389999999999986,0.6200000000000045,0.041,0.042,0.018
2,42.00999999999999,1.8000000000000114,0.034,0.034,0.035
3,66.70999999999998,0.8400000000000318,0.035,0.035,0.031
4,94.13,1.990000000000009,0.041,0.038,0.034
5,112.87,2.490000000000009,0.061,0.039,0.023
6,127.80000000000001,-0.8499999999999659,0.082,0.037,0.024
