temporal_point,x,y,height,width,finger_pressure
0,0.0,0.0,0.022,0.024,0.0
1,33.52000000000001,1.3199999999999932,0.03,0.028,0.041
2,110.63999999999999,4.3700000000000045,0.043,0.039,0.097
3,126.17000000000002,4.730000000000018,0.047,0.043,0.019
