temporal_point,x,y,height,width,finger_pressure
0,0.0,0.0,0.023,0.022,0.0
1,-3.559999999999974,5.890000000000043,0.032,0.034,0.013
2,-37.059999999999974,36.48000000000002,0.094,0.039,0.108
3,-63.94,84.93,0.084,0.038,0.103
4,-73.47999999999999,101.02000000000004,0.092,0.04,0.034
