fold,acc_total,n_train,n_test,acc_G1,acc_G2,acc_G3,acc_G4,acc_G5,acc_G6,acc_G7,acc_G8
1,0.9880952380952381,1008,252,1.0,0.96875,1.0,0.9696969696969697,1.0,1.0,1.0,0.9696969696969697
2,0.996031746031746,1008,252,1.0,1.0,1.0,1.0,1.0,1.0,0.96875,1.0
3,0.9920634920634921,1008,252,1.0,1.0,1.0,1.0,0.96875,0.96,1.0,1.0
4,1.0,1008,252,1.0,1.0,1.0,1.0,1.0,1.0,1.0,1.0
5,0.9920634920634921,1008,252,1.0,0.96875,1.0,1.0,0.9696969696969697,1.0,1.0,1.0
