temporal_point,x,y,height,width,finger_pressure
0,0.0,0.0,0.07,0.025,0.0
1,55.150000000000006,-10.78000000000003,0.036,0.022,0.0
2,175.82000000000002,-7.330000000000041,0.034,0.021,0.0
3,192.29,-6.830000000000041,0.035,0.021,0.021
4,218.65,-8.439999999999998,0.033,0.022,0.033
5,257.74,-11.379999999999995,0.055,0.022,0.0
