temporal_point,x,y,height,width,finger_pressure
0,0.0,0.0,0.024,0.021,0.0
1,-36.700000000000045,-1.9700000000000273,0.03,0.022,0.046
2,-105.49000000000001,-1.900000000000034,0.035,0.033,0.1
3,-161.79000000000002,0.2899999999999636,0.062,0.029,0.08
