temporal_point,x,y,height,width,finger_pressure
0,0.0,0.0,0.053,0.027,0.0
1,-3.569999999999993,-23.420000000000016,0.05,0.026,0.047
2,-0.8000000000000114,-65.89999999999998,0.056,0.031,0.084
3,2.079999999999984,-115.01999999999998,0.048,0.026,0.06
4,4.319999999999993,-139.92000000000002,0.034,0.038,0.045
5,7.490000000000009,-160.64999999999998,0.029,0.032,0.042
6,12.04000000000002,-178.67000000000002,0.036,0.034,0.038
7,11.909999999999968,-183.68,0.037,0.034,0.01
