temporal_point,x,y,height,width,finger_pressure
0,0.0,0.0,0.06,0.024,0.0
1,93.77000000000001,-5.240000000000009,0.034,0.02,0.0
2,119.22999999999999,-1.3500000000000227,0.037,0.018,0.033
3,154.16,0.3299999999999841,0.04,0.022,0.044
4,193.98,1.4499999999999886,0.04,0.018,0.05
5,235.29999999999998,1.419999999999959,0.048,0.022,0.053
6,266.40999999999997,1.0,0.061,0.026,0.038
7,278.77,-1.0200000000000387,0.055,0.027,0.016
