temporal_point,x,y,height,width,finger_pressure
0,0.0,0.0,0.02,0.022,0.0
1,1.0199999999999818,10.71999999999997,0.024,0.021,0.021
2,1.3699999999999761,30.24000000000001,0.046,0.029,0.062
3,2.289999999999992,56.56999999999999,0.046,0.023,0.053
4,2.769999999999982,85.32999999999998,0.053,0.033,0.058
5,3.2399999999999807,106.34999999999997,0.043,0.026,0.042
6,1.549999999999983,123.13,0.054,0.029,0.034
7,0.8699999999999761,138.02999999999997,0.056,0.032,0.03
8,1.6999999999999886,146.05,0.059,0.032,0.016
