temporal_point,x,y,height,width,finger_pressure
0,0.0,0.0,0.064,0.022,0.0
1,-17.829999999999984,25.460000000000036,0.045,0.027,0.033
2,-52.85999999999996,43.870000000000005,0.038,0.033,0.057
3,-90.59999999999997,63.84000000000003,0.04,0.031,0.082
4,-123.94999999999999,91.46000000000004,0.065,0.033,0.075
5,-145.64999999999998,114.19,0.072,0.04,0.059
6,-166.39999999999998,135.41000000000003,0.094,0.043,0.063
7,-181.73,155.55,0.107,0.044,0.045
8,-192.77999999999997,165.37,0.129,0.042,0.024
