temporal_point,x,y,height,width,finger_pressure
0,0.0,0.0,0.037,0.019,0.0
1,27.609999999999985,-0.01999999999998181,0.053,0.021,0.034
2,67.55999999999997,3.740000000000009,0.054,0.023,0.05
3,115.12999999999997,5.829999999999984,0.068,0.02,0.06
4,190.15,0.9499999999999886,0.071,0.035,0.096
5,199.64000000000001,0.4800000000000182,0.081,0.045,0.012
