temporal_point,x,y,height,width,finger_pressure
0,0.0,0.0,0.037,0.03,0.0
1,3.890000000000043,6.030000000000001,0.038,0.038,0.013
2,3.430000000000007,23.47999999999999,0.051,0.04,0.035
3,0.7600000000000477,51.849999999999994,0.054,0.046,0.057
4,-3.859999999999957,74.53999999999999,0.057,0.045,0.068
5,-1.9799999999999613,102.27000000000001,0.09,0.046,0.07
6,3.150000000000034,134.70000000000002,0.1,0.04,0.066
7,-0.060000000000002274,159.42,0.086,0.04,0.05
8,0.30000000000001137,175.55999999999997,0.086,0.042,0.032
