temporal_point,x,y,height,width,finger_pressure
0,0.0,0.0,0.064,0.024,0.0
1,5.650000000000006,-28.110000000000014,0.086,0.033,0.045
2,5.189999999999998,-65.56,0.042,0.031,0.062
3,11.849999999999994,-92.38,0.058,0.041,0.054
4,13.169999999999987,-119.31,0.051,0.033,0.054
5,10.76000000000002,-124.63,0.045,0.039,0.011
