temporal_point,x,y,height,width,finger_pressure
0,0.0,0.0,0.023,0.022,0.0
1,13.789999999999992,9.909999999999968,0.03,0.023,0.026
2,32.359999999999985,23.45999999999998,0.025,0.023,0.049
3,61.379999999999995,45.06999999999999,0.041,0.019,0.062
4,80.38999999999999,69.42999999999995,0.049,0.024,0.054
5,105.14999999999998,86.84999999999997,0.048,0.028,0.047
6,123.86000000000001,105.51999999999998,0.043,0.023,0.044
7,137.88,119.63,0.048,0.026,0.033
8,149.79000000000002,128.91999999999996,0.071,0.033,0.024
