temporal_point,x,y,height,width,finger_pressure
0,0.0,0.0,0.059,0.021,0.0
1,17.75999999999999,10.04000000000002,0.04,0.018,0.03
2,44.19,14.950000000000045,0.055,0.032,0.037
3,104.53999999999999,56.55000000000001,0.041,0.022,0.0
4,126.86000000000001,79.60000000000002,0.051,0.027,0.054
5,145.93,101.02000000000004,0.049,0.03,0.049
6,161.74,119.84000000000003,0.053,0.032,0.043
7,175.7,133.23000000000002,0.059,0.032,0.032
8,184.04000000000002,143.68,0.06,0.033,0.023
