temporal_point,x,y,height,width,finger_pressure
0,0.0,0.0,0.026,0.038,0.0
1,11.099999999999994,2.240000000000009,0.034,0.056,0.015
2,51.27000000000001,19.370000000000005,0.035,0.042,0.048
3,98.24000000000001,44.51999999999998,0.035,0.035,0.077
4,148.51000000000002,72.30000000000001,0.043,0.046,0.108
5,190.04999999999998,106.77999999999997,0.089,0.04,0.099
6,225.69000000000003,137.26,0.088,0.041,0.075
7,240.16,153.07,0.087,0.043,0.036
8,245.76000000000002,159.01999999999998,0.086,0.043,0.014
