temporal_point,x,y,height,width,finger_pressure
0,0.0,0.0,0.052,0.028,0.0
1,2.75,-7.520000000000039,0.078,0.038,0.015
2,4.1200000000000045,-31.970000000000027,0.092,0.034,0.048
3,3.6000000000000227,-54.35000000000002,0.065,0.04,0.026
4,9.640000000000043,-74.74000000000001,0.05,0.038,0.041
5,11.03000000000003,-104.54000000000002,0.045,0.045,0.06
6,16.170000000000016,-135.59,0.048,0.037,0.088
7,13.560000000000002,-144.05,0.064,0.038,0.017
