temporal_point,x,y,height,width,finger_pressure
0,0.0,0.0,0.035,0.02,0.0
1,28.170000000000016,22.19999999999999,0.052,0.027,0.057
2,48.120000000000005,38.06999999999999,0.039,0.021,0.04
3,53.94999999999999,42.579999999999984,0.054,0.031,0.012
