temporal_point,x,y,height,width,finger_pressure
0,0.0,0.0,0.041,0.018,0.0
1,21.569999999999993,19.819999999999993,0.047,0.021,0.048
2,45.81999999999999,42.77999999999997,0.045,0.021,0.055
3,52.120000000000005,49.30000000000001,0.05,0.029,0.015
