temporal_point,x,y,height,width,finger_pressure
0,0.0,0.0,0.051,0.022,0.0
1,-2.7199999999999704,16.38000000000001,0.087,0.023,0.033
