temporal_point,x,y,height,width,finger_pressure
0,0.0,0.0,0.064,0.031,0.0
1,9.829999999999998,-7.740000000000009,0.078,0.033,0.019
2,28.070000000000007,-25.850000000000023,0.079,0.032,0.043
3,51.250000000000014,-50.10000000000002,0.079,0.034,0.056
4,73.50000000000001,-76.70999999999998,0.084,0.03,0.058
5,102.52,-102.31,0.04,0.023,0.038
6,125.39,-113.43,0.024,0.02,0.036
7,152.42000000000002,-123.62,0.024,0.022,0.039
