temporal_point,x,y,height,width,finger_pressure
0,0.0,0.0,0.066,0.032,0.0
1,18.680000000000007,-4.359999999999957,0.044,0.026,0.021
2,35.41,-5.3799999999999955,0.022,0.019,0.021
3,148.71999999999997,-0.3299999999999841,0.033,0.023,0.0
4,212.29000000000002,5.1299999999999955,0.045,0.025,0.0
