temporal_point,x,y,height,width,finger_pressure
0,0.0,0.0,0.031,0.018,0.0
1,2.5,36.89999999999998,0.045,0.02,0.0
2,0.4399999999999977,49.95999999999998,0.035,0.019,0.027
3,1.8400000000000318,65.07999999999998,0.053,0.021,0.03
4,0.44999999999998863,73.94,0.047,0.026,0.018
5,1.9399999999999977,82.73999999999995,0.047,0.024,0.018
