temporal_point,x,y,height,width,finger_pressure
0,0.0,0.0,0.032,0.028,0.0
1,12.610000000000014,13.949999999999989,0.027,0.025,0.032
