temporal_point,x,y,height,width,finger_pressure
0,0.0,0.0,0.029,0.031,0.0
1,19.480000000000018,0.660000000000025,0.038,0.031,0.024
2,47.77000000000004,1.2300000000000182,0.046,0.037,0.036
3,95.06,-9.25,0.078,0.036,0.063
4,129.94,-6.019999999999982,0.073,0.036,0.044
5,163.24,-6.889999999999986,0.069,0.039,0.042
6,195.02000000000004,-2.9699999999999704,0.072,0.039,0.04
7,217.43000000000006,-7.9599999999999795,0.083,0.041,0.03
8,229.39999999999998,-5.609999999999957,0.078,0.043,0.016
