temporal_point,x,y,height,width,finger_pressure
0,0.0,0.0,0.036,0.021,0.0
1,14.599999999999966,-0.2999999999999545,0.053,0.026,0.018
2,39.089999999999975,2.3700000000000045,0.057,0.033,0.032
3,74.08999999999997,0.8400000000000318,0.078,0.032,0.043
4,130.33999999999997,5.75,0.081,0.036,0.07
5,178.92999999999995,6.730000000000018,0.073,0.035,0.061
6,198.11,7.340000000000032,0.071,0.036,0.024
7,204.23000000000002,3.6299999999999955,0.095,0.044,0.011
