temporal_point,x,y,height,width,finger_pressure
0,0.0,0.0,0.037,0.019,0.0
1,10.019999999999982,-9.640000000000043,0.052,0.029,0.024
2,25.70999999999998,-23.32000000000005,0.063,0.032,0.034
3,48.50999999999999,-38.94,0.058,0.029,0.041
4,90.20999999999998,-74.78000000000003,0.065,0.029,0.088
5,121.22999999999996,-99.69,0.064,0.032,0.063
6,150.29999999999995,-126.27000000000004,0.071,0.035,0.06
7,169.66999999999996,-143.42000000000002,0.069,0.033,0.042
8,179.92999999999995,-149.44000000000003,0.075,0.038,0.018
