temporal_point,x,y,height,width,finger_pressure
0,0.0,0.0,0.059,0.03,0.0
1,1.7100000000000364,-12.95999999999998,0.062,0.033,0.026
2,0.010000000000047748,-36.370000000000005,0.061,0.031,0.047
3,5.75,-63.370000000000005,0.063,0.034,0.053
4,8.830000000000041,-109.55000000000001,0.075,0.036,0.092
5,12.680000000000007,-133.60000000000002,0.085,0.034,0.048
6,14.990000000000009,-146.54,0.064,0.033,0.026
7,14.590000000000032,-154.66,0.084,0.048,0.016
