temporal_point,x,y,height,width,finger_pressure
0,0.0,0.0,0.025,0.023,0.0
1,24.830000000000013,2.849999999999966,0.027,0.031,0.032
2,209.66,-0.05000000000001137,0.045,0.023,0.0
3,248.80999999999997,3.359999999999957,0.055,0.019,0.049
4,284.95000000000005,-1.330000000000041,0.05,0.026,0.046
5,312.66999999999996,-2.340000000000032,0.056,0.032,0.035
6,327.17999999999995,-3.430000000000007,0.067,0.037,0.018
7,335.88,-2.0,0.066,0.038,0.011
