temporal_point,x,y,height,width,finger_pressure
0,0.0,0.0,0.055,0.029,0.0
1,-0.38999999999998636,14.470000000000027,0.064,0.032,0.029
2,0.17000000000001592,34.079999999999984,0.063,0.033,0.04
3,-2.0300000000000296,72.33999999999997,0.071,0.034,0.077
4,-2.8799999999999955,109.94,0.073,0.042,0.075
5,-2.5400000000000205,126.76999999999998,0.079,0.04,0.034
6,-3.509999999999991,140.92000000000002,0.077,0.04,0.028
7,-3.519999999999982,149.94,0.078,0.042,0.018
8,-2.7200000000000273,157.45999999999998,0.075,0.043,0.015
