temporal_point,x,y,height,width,finger_pressure
0,0.0,0.0,0.054,0.027,0.0
1,25.480000000000018,6.6200000000000045,0.065,0.03,0.034
2,51.089999999999975,9.680000000000007,0.068,0.032,0.033
3,82.58999999999997,12.680000000000007,0.058,0.031,0.04
4,136.35000000000002,12.760000000000048,0.066,0.03,0.068
5,169.31,11.620000000000005,0.071,0.036,0.04
6,196.39999999999998,7.8700000000000045,0.078,0.033,0.035
7,210.89999999999998,10.690000000000055,0.077,0.037,0.019
