temporal_point,x,y,height,width,finger_pressure
0,0.0,0.0,0.048,0.02,0.0
1,19.079999999999984,6.109999999999957,0.056,0.027,0.027
2,44.69999999999999,10.71999999999997,0.057,0.031,0.033
3,80.28000000000003,14.599999999999966,0.058,0.032,0.047
4,135.44,10.620000000000005,0.078,0.033,0.067
5,175.19,9.349999999999966,0.07,0.032,0.05
6,198.51000000000005,8.560000000000002,0.074,0.036,0.029
7,209.22999999999996,6.5499999999999545,0.08,0.035,0.014
