temporal_point,x,y,height,width,finger_pressure
0,0.0,0.0,0.018,0.02,0.0
1,-11.029999999999973,1.089999999999975,0.04,0.027,0.014
2,-30.769999999999982,2.1100000000000136,0.034,0.031,0.025
3,-59.039999999999964,3.0400000000000205,0.042,0.025,0.035
4,-126.07999999999998,0.22000000000002728,0.06,0.036,0.106
5,-168.60999999999999,16.230000000000018,0.096,0.041,0.065
6,-197.08999999999997,28.060000000000002,0.098,0.041,0.043
7,-210.04999999999995,30.49000000000001,0.11,0.043,0.017
