temporal_point,x,y,height,width,finger_pressure
0,0.0,0.0,0.039,0.019,0.0
1,12.0,3.1499999999999773,0.05,0.027,0.016
2,38.129999999999995,7.720000000000027,0.051,0.027,0.034
3,73.79000000000002,13.060000000000002,0.062,0.023,0.046
4,141.31,21.720000000000027,0.069,0.032,0.085
5,187.41000000000003,21.69999999999999,0.073,0.025,0.058
6,223.36000000000007,22.25999999999999,0.069,0.034,0.045
7,240.05,20.079999999999984,0.075,0.032,0.021
