temporal_point,x,y,height,width,finger_pressure
0,0.0,0.0,0.055,0.029,0.0
1,0.4900000000000091,-22.649999999999977,0.071,0.038,0.045
2,0.660000000000025,-43.21999999999997,0.066,0.036,0.041
3,1.1800000000000068,-88.77999999999997,0.078,0.034,0.09
4,1.400000000000034,-116.95999999999998,0.066,0.032,0.056
5,4.319999999999993,-138.89999999999998,0.067,0.035,0.044
6,3.6999999999999886,-153.61999999999998,0.067,0.038,0.029
