temporal_point,x,y,height,width,finger_pressure
0,0.0,0.0,0.053,0.024,0.0
1,-10.95999999999998,-0.7700000000000387,0.057,0.028,0.014
2,-29.370000000000005,1.5600000000000023,0.054,0.025,0.023
3,-51.98000000000002,-0.22000000000002728,0.063,0.025,0.028
4,-112.90999999999997,1.0199999999999818,0.059,0.028,0.075
5,-139.46999999999997,-2.2100000000000364,0.055,0.026,0.034
6,-158.37,-5.82000000000005,0.042,0.025,0.025
7,-171.94,-6.1200000000000045,0.049,0.031,0.017
