temporal_point,x,y,height,width,finger_pressure
0,0.0,0.0,0.057,0.018,0.0
1,-32.5,4.75,0.063,0.021,0.042
2,-69.64000000000004,7.569999999999993,0.061,0.024,0.045
3,-110.86000000000001,10.609999999999957,0.052,0.023,0.052
4,-149.31,7.099999999999966,0.054,0.028,0.049
5,-185.26,6.789999999999964,0.055,0.024,0.046
6,-202.71000000000004,6.4599999999999795,0.058,0.03,0.022
7,-209.88,6.639999999999986,0.057,0.033,0.009
