temporal_point,x,y,height,width,finger_pressure
0,0.0,0.0,0.054,0.026,0.0
1,-0.34000000000003183,20.939999999999998,0.058,0.032,0.042
2,0.40999999999996817,47.95999999999998,0.059,0.031,0.054
3,-2.090000000000032,80.33999999999997,0.064,0.036,0.066
4,-2.1200000000000045,109.38,0.077,0.037,0.058
5,-1.0600000000000023,143.72000000000003,0.074,0.04,0.069
6,-1.5400000000000205,162.36,0.072,0.037,0.037
7,-0.4200000000000159,170.70999999999998,0.081,0.042,0.017
