temporal_point,x,y,height,width,finger_pressure
0,0.0,0.0,0.05,0.02,0.0
1,-0.9899999999999523,-26.279999999999973,0.034,0.02,0.0
2,0.8400000000000318,-39.579999999999984,0.046,0.021,0.026
3,1.9700000000000273,-127.13,0.026,0.024,0.0
