temporal_point,x,y,height,width,finger_pressure
0,0.0,0.0,0.062,0.026,0.0
1,76.18,-2.019999999999982,0.037,0.018,0.0
2,191.63000000000002,6.7000000000000455,0.045,0.024,0.0
3,207.54999999999998,5.240000000000009,0.059,0.024,0.02
4,221.56000000000003,6.3799999999999955,0.051,0.028,0.018
5,230.16,6.430000000000007,0.056,0.031,0.011
6,244.56000000000003,8.100000000000023,0.054,0.029,0.018
