temporal_point,x,y,height,width,finger_pressure
0,0.0,0.0,0.057,0.021,0.0
1,16.11999999999999,7.409999999999968,0.043,0.017,0.025
2,75.42999999999999,45.299999999999955,0.039,0.025,0.0
3,147.09999999999997,134.54999999999995,0.035,0.021,0.0
4,176.56,173.64999999999998,0.047,0.025,0.0
5,188.95999999999998,186.53999999999996,0.045,0.024,0.03
