temporal_point,x,y,height,width,finger_pressure
0,0.0,0.0,0.022,0.025,0.0
1,-1.4899999999999523,17.25999999999999,0.024,0.023,0.0
2,-3.6499999999999773,38.77000000000004,0.046,0.022,0.053
3,-5.8799999999999955,62.02000000000004,0.046,0.024,0.047
4,-6.639999999999986,83.13,0.047,0.025,0.043
5,-9.75,107.05000000000001,0.047,0.028,0.048
6,-10.370000000000005,122.19999999999999,0.053,0.03,0.03
7,-12.060000000000002,132.46000000000004,0.058,0.035,0.021
8,-12.879999999999995,140.47000000000003,0.055,0.031,0.016
