temporal_point,x,y,height,width,finger_pressure
0,0.0,0.0,0.035,0.03,0.0
1,-73.43,0.6299999999999955,0.027,0.023,0.034
2,-185.85,-7.3700000000000045,0.032,0.03,0.0
3,-284.53,16.21999999999997,0.051,0.02,0.0
