temporal_point,x,y,height,width,finger_pressure
0,0.0,0.0,0.041,0.025,0.0
1,16.060000000000002,0.12999999999999545,0.041,0.021,0.02
2,38.59,2.3100000000000023,0.036,0.022,0.028
3,168.59,-0.34000000000003183,0.037,0.02,0.0
4,183.84,-2.1899999999999977,0.065,0.025,0.02
