temporal_point,x,y,height,width,finger_pressure
0,0.0,0.0,0.02,0.024,0.0
1,9.779999999999973,6.46999999999997,0.032,0.022,0.0
2,37.66,24.21999999999997,0.032,0.027,0.0
3,50.610000000000014,33.91999999999996,0.019,0.021,0.025
4,81.62,51.64999999999998,0.027,0.03,0.0
5,94.65999999999997,61.71999999999997,0.046,0.02,0.037
6,108.59999999999997,78.20999999999998,0.05,0.021,0.037
7,124.32999999999998,92.0,0.045,0.02,0.034
8,140.18,104.63,0.059,0.026,0.032
9,168.64,132.03999999999996,0.061,0.027,0.0
