temporal_point,x,y,height,width,finger_pressure
0,0.0,0.0,0.03,0.025,0.0
1,19.819999999999993,0.8400000000000318,0.039,0.032,0.025
2,48.40999999999997,1.490000000000009,0.036,0.029,0.036
3,81.47999999999996,-0.22999999999996135,0.036,0.031,0.041
4,141.07,0.160000000000025,0.044,0.033,0.075
5,162.69,-2.519999999999982,0.065,0.034,0.029
