temporal_point,x,y,height,width,finger_pressure
0,0.0,0.0,0.064,0.037,0.0
1,23.099999999999994,-1.660000000000025,0.032,0.022,0.025
2,76.98999999999998,3.1399999999999864,0.038,0.031,0.068
3,154.9,4.990000000000009,0.04,0.032,0.098
4,197.80999999999997,6.0400000000000205,0.061,0.037,0.054
5,217.73,6.8799999999999955,0.075,0.04,0.025
