temporal_point,x,y,height,width,finger_pressure
0,0.0,0.0,0.036,0.026,0.0
1,37.06999999999999,5.8799999999999955,0.049,0.023,0.0
2,76.42999999999998,9.569999999999993,0.037,0.019,0.05
3,131.24999999999997,11.600000000000023,0.054,0.026,0.069
4,178.36999999999998,17.610000000000014,0.06,0.025,0.061
5,204.67999999999998,13.660000000000025,0.066,0.03,0.033
