temporal_point,x,y,height,width,finger_pressure
0,0.0,0.0,0.034,0.042,0.0
1,13.310000000000002,4.1299999999999955,0.035,0.036,0.019
2,36.47999999999999,12.689999999999998,0.025,0.028,0.034
3,71.63000000000002,29.600000000000023,0.024,0.025,0.055
4,91.60999999999999,38.72000000000003,0.034,0.028,0.031
5,109.35,51.59000000000003,0.041,0.024,0.047
6,126.95000000000002,71.27000000000004,0.049,0.027,0.045
7,175.07000000000002,110.23000000000002,0.046,0.025,0.0
8,190.93999999999997,114.25,0.069,0.037,0.022
