temporal_point,x,y,height,width,finger_pressure
0,0.0,0.0,0.041,0.034,0.0
1,19.590000000000003,0.8500000000000227,0.023,0.024,0.025
2,51.400000000000006,-1.3999999999999773,0.03,0.024,0.04
3,86.14000000000001,-0.029999999999972715,0.033,0.022,0.044
4,152.34,0.29000000000002046,0.029,0.031,0.0
5,185.82000000000002,-1.759999999999991,0.046,0.019,0.044
6,212.16,-7.25,0.054,0.024,0.034
