temporal_point,x,y,height,width,finger_pressure
0,0.0,0.0,0.028,0.031,0.0
1,27.120000000000005,9.020000000000039,0.034,0.032,0.038
2,65.75000000000003,26.27000000000004,0.035,0.029,0.063
3,98.85999999999999,42.44,0.047,0.03,0.07
4,121.10999999999999,60.150000000000034,0.063,0.028,0.045
5,146.02,76.79000000000002,0.056,0.03,0.046
6,174.76000000000002,94.52000000000004,0.067,0.035,0.05
7,181.67999999999998,98.26000000000005,0.076,0.044,0.011
