temporal_point,x,y,height,width,finger_pressure
0,0.0,0.0,0.032,0.034,0.0
1,-8.039999999999964,1.009999999999991,0.029,0.024,0.01
2,-26.489999999999952,5.910000000000025,0.022,0.02,0.025
3,-42.71999999999997,13.920000000000016,0.029,0.026,0.028
4,-60.119999999999976,22.08000000000004,0.038,0.025,0.033
5,-77.27999999999997,36.89000000000004,0.043,0.019,0.039
6,-101.99999999999997,54.30000000000001,0.06,0.023,0.061
7,-142.25999999999996,95.44,0.072,0.025,0.0
