temporal_point,x,y,height,width,finger_pressure
0,0.0,0.0,0.025,0.026,0.0
1,-12.829999999999984,0.9900000000000091,0.043,0.034,0.016
2,-43.75,1.2200000000000273,0.05,0.035,0.039
3,-73.13,-0.12000000000000455,0.044,0.035,0.037
4,-94.57,-1.3199999999999932,0.037,0.033,0.027
5,-122.53999999999996,-2.1899999999999977,0.032,0.032,0.035
6,-167.20999999999998,-6.2099999999999795,0.034,0.03,0.066
7,-235.83999999999997,0.19999999999998863,0.069,0.03,0.0
