temporal_point,x,y,height,width,finger_pressure
0,0.0,0.0,0.028,0.02,0.0
1,14.060000000000002,-0.12000000000000455,0.023,0.019,0.018
2,39.670000000000016,1.1000000000000227,0.032,0.023,0.032
3,72.03000000000003,3.2199999999999704,0.042,0.029,0.041
4,97.87,0.5600000000000023,0.028,0.024,0.033
5,140.52000000000004,5.579999999999984,0.047,0.03,0.056
6,167.49,6.21999999999997,0.046,0.03,0.034
7,181.11,9.350000000000023,0.062,0.036,0.018
