temporal_point,x,y,height,width,finger_pressure
0,0.0,0.0,0.066,0.036,0.0
1,9.430000000000007,-7.740000000000009,0.057,0.031,0.019
2,40.01999999999998,-25.980000000000018,0.03,0.023,0.046
3,138.55,-81.30000000000001,0.07,0.021,0.0
4,156.2,-110.59000000000003,0.061,0.017,0.063
5,165.82999999999998,-122.87000000000003,0.077,0.023,0.027
