temporal_point,x,y,height,width,finger_pressure
0,0.0,0.0,0.041,0.045,0.0
1,6.849999999999994,2.2999999999999545,0.043,0.042,0.01
2,24.899999999999977,18.939999999999998,0.036,0.036,0.04
3,64.56,47.74000000000001,0.049,0.034,0.114
4,89.41999999999996,76.95999999999998,0.063,0.02,0.07
5,126.61000000000001,109.82999999999998,0.078,0.032,0.081
