temporal_point,x,y,height,width,finger_pressure
0,0.0,0.0,0.043,0.021,0.0
1,-25.28000000000003,1.8599999999999568,0.023,0.023,0.032
2,-79.45999999999998,0.2699999999999818,0.026,0.025,0.0
3,-110.01999999999998,-0.660000000000025,0.022,0.024,0.038
4,-151.4,-2.660000000000025,0.023,0.02,0.058
5,-224.77,-3.319999999999993,0.052,0.02,0.0
6,-277.91,5.889999999999986,0.044,0.018,0.0
