temporal_point,x,y,height,width,finger_pressure
0,0.0,0.0,0.092,0.038,0.0
1,16.97,-6.589999999999975,0.092,0.04,0.025
2,39.370000000000005,-17.620000000000005,0.066,0.036,0.03
3,199.23999999999998,-26.99000000000001,0.022,0.021,0.0
4,217.14000000000001,-25.829999999999984,0.025,0.023,0.022
