temporal_point,x,y,height,width,finger_pressure
0,0.0,0.0,0.028,0.037,0.0
1,21.430000000000007,11.439999999999998,0.023,0.038,0.033
2,62.25,34.99000000000001,0.028,0.022,0.0
3,87.22,48.920000000000016,0.039,0.025,0.055
4,110.92000000000002,73.39000000000004,0.054,0.025,0.057
5,139.73000000000002,97.62,0.059,0.032,0.06
6,167.28000000000003,117.42000000000002,0.067,0.033,0.052
7,188.06,134.74,0.063,0.032,0.043
