temporal_point,x,y,height,width,finger_pressure
0,0.0,0.0,0.047,0.018,0.0
1,-20.939999999999998,2.3600000000000136,0.026,0.022,0.027
2,-89.74000000000001,1.7100000000000364,0.024,0.02,0.086
3,-143.92999999999998,-1.6499999999999773,0.032,0.026,0.073
4,-201.53,-5.149999999999977,0.032,0.038,0.08
5,-249.17999999999998,2.9399999999999977,0.064,0.024,0.061
