temporal_point,x,y,height,width,finger_pressure
0,0.0,0.0,0.022,0.021,0.0
1,20.74000000000001,13.610000000000014,0.022,0.021,0.047
2,52.33000000000001,34.25,0.053,0.022,0.066
3,76.53999999999999,57.379999999999995,0.052,0.027,0.055
4,100.53999999999999,75.00999999999999,0.06,0.032,0.046
5,131.96,100.53000000000003,0.067,0.034,0.064
6,142.10999999999999,107.66000000000003,0.069,0.035,0.019
