temporal_point,x,y,height,width,finger_pressure
0,0.0,0.0,0.085,0.038,0.0
1,7.409999999999997,-8.870000000000005,0.081,0.043,0.015
2,23.079999999999984,-22.589999999999975,0.064,0.035,0.033
3,47.47,-44.98000000000002,0.062,0.033,0.052
4,76.77000000000001,-71.76999999999998,0.049,0.035,0.049
5,109.37999999999997,-87.20999999999998,0.038,0.032,0.051
6,131.04999999999998,-95.75,0.034,0.037,0.032
7,143.46,-103.45999999999998,0.029,0.03,0.022
8,157.34,-110.49000000000001,0.048,0.032,0.036
