temporal_point,x,y,height,width,finger_pressure
0,0.0,0.0,0.025,0.037,0.0
1,14.140000000000015,4.399999999999977,0.03,0.039,0.019
2,30.75,11.79000000000002,0.023,0.024,0.021
3,78.53,31.00999999999999,0.024,0.025,0.0
4,103.51999999999998,43.589999999999975,0.037,0.025,0.053
5,135.95,64.00999999999999,0.06,0.028,0.061
6,165.91000000000003,82.63999999999999,0.065,0.03,0.053
7,193.35000000000002,97.75999999999999,0.072,0.032,0.046
8,208.98000000000002,105.47000000000003,0.081,0.038,0.025
