temporal_point,x,y,height,width,finger_pressure
0,0.0,0.0,0.023,0.02,0.0
1,-7.600000000000023,3.329999999999984,0.037,0.036,0.012
2,-14.75,7.019999999999982,0.029,0.034,0.012
3,-34.39999999999998,17.170000000000016,0.036,0.032,0.032
4,-58.81,28.05000000000001,0.035,0.029,0.045
5,-74.0,40.77999999999997,0.051,0.031,0.036
6,-104.47,63.49000000000001,0.046,0.027,0.069
7,-129.42,81.5,0.071,0.032,0.066
8,-151.08,107.02999999999997,0.079,0.035,0.058
9,-171.42,131.34999999999997,0.068,0.026,0.055
