temporal_point,x,y,height,width,finger_pressure
0,0.0,0.0,0.023,0.024,0.0
1,-77.12,-2.419999999999959,0.034,0.021,0.0
2,-177.75,7.410000000000025,0.053,0.023,0.0
3,-202.35000000000002,13.020000000000039,0.051,0.023,0.034
4,-214.56,16.360000000000014,0.059,0.025,0.018
