temporal_point,x,y,height,width,finger_pressure
0,0.0,0.0,0.04,0.019,0.0
1,-11.489999999999952,2.150000000000034,0.057,0.023,0.019
2,-25.939999999999998,7.53000000000003,0.074,0.02,0.022
3,-84.69,23.50999999999999,0.03,0.023,0.0
