temporal_point,x,y,height,width,finger_pressure
0,0.0,0.0,0.046,0.024,0.0
1,5.530000000000001,-4.389999999999986,0.044,0.03,0.01
2,18.180000000000007,-1.2799999999999727,0.043,0.022,0.017
3,174.16,2.25,0.048,0.021,0.0
4,196.95000000000002,0.8100000000000023,0.055,0.029,0.029
