temporal_point,x,y,height,width,finger_pressure
0,0.0,0.0,0.019,0.021,0.0
1,0.5699999999999932,8.139999999999986,0.025,0.019,0.028
2,1.1999999999999886,27.909999999999968,0.043,0.021,0.041
3,3.3799999999999955,40.579999999999984,0.049,0.025,0.025
4,3.2200000000000273,55.52999999999997,0.064,0.027,0.03
5,4.100000000000023,70.38999999999999,0.062,0.031,0.03
6,5.550000000000011,85.83999999999997,0.06,0.032,0.031
7,6.53000000000003,99.19,0.055,0.033,0.027
